feature_name,user,inferred,reason
0,,cont,All values are not integers and convert to float
1,,cont,All values are not integers and convert to float
10,,cont,All values are not integers and convert to float
100,,cont,All values are not integers and convert to float
101,,cont,All values are not integers and convert to float
102,,cont,All values are not integers and convert to float
103,,cont,All values are not integers and convert to float
104,,cont,All values are not integers and convert to float
105,,cont,All values are not integers and convert to float
106,,cont,All values are not integers and convert to float
107,,cont,All values are not integers and convert to float
108,,cont,All values are not integers and convert to float
109,,cont,All values are not integers and convert to float
11,,cont,All values are not integers and convert to float
110,,cont,All values are not integers and convert to float
111,,cont,All values are not integers and convert to float
112,,cont,All values are not integers and convert to float
113,,cont,All values are not integers and convert to float
114,,cont,All values are not integers and convert to float
115,,cont,All values are not integers and convert to float
116,,cont,All values are not integers and convert to float
117,,cont,All values are not integers and convert to float
118,,cont,All values are not integers and convert to float
119,,cont,All values are not integers and convert to float
12,,cont,All values are not integers and convert to float
120,,cont,All values are not integers and convert to float
121,,cont,All values are not integers and convert to float
122,,cont,All values are not integers and convert to float
123,,cont,All values are not integers and convert to float
124,,cont,All values are not integers and convert to float
125,,cont,All values are not integers and convert to float
126,,cont,All values are not integers and convert to float
127,,cont,All values are not integers and convert to float
128,,cont,All values are not integers and convert to float
129,,cont,All values are not integers and convert to float
13,,cont,All values are not integers and convert to float
130,,cont,All values are not integers and convert to float
131,,cont,All values are not integers and convert to float
132,,cont,All values are not integers and convert to float
133,,cont,All values are not integers and convert to float
134,,cont,All values are not integers and convert to float
135,,cont,All values are not integers and convert to float
136,,cont,All values are not integers and convert to float
137,,cont,All values are not integers and convert to float
138,,cont,All values are not integers and convert to float
139,,cont,All values are not integers and convert to float
14,,cont,All values are not integers and convert to float
140,,cont,All values are not integers and convert to float
141,,cont,All values are not integers and convert to float
142,,cont,All values are not integers and convert to float
143,,cont,All values are not integers and convert to float
144,,cont,All values are not integers and convert to float
145,,cont,All values are not integers and convert to float
146,,cont,All values are not integers and convert to float
147,,cont,All values are not integers and convert to float
148,,cont,All values are not integers and convert to float
149,,cont,All values are not integers and convert to float
15,,cont,All values are not integers and convert to float
150,,cont,All values are not integers and convert to float
151,,cont,All values are not integers and convert to float
152,,cont,All values are not integers and convert to float
153,,cont,All values are not integers and convert to float
154,,cont,All values are not integers and convert to float
155,,cont,All values are not integers and convert to float
156,,cont,All values are not integers and convert to float
157,,cont,All values are not integers and convert to float
158,,cont,All values are not integers and convert to float
159,,cont,All values are not integers and convert to float
16,,cont,All values are not integers and convert to float
160,,cont,All values are not integers and convert to float
161,,cont,All values are not integers and convert to float
162,,cont,All values are not integers and convert to float
163,,cont,All values are not integers and convert to float
164,,cont,All values are not integers and convert to float
165,,cont,All values are not integers and convert to float
166,,cont,All values are not integers and convert to float
167,,cont,All values are not integers and convert to float
168,,cont,All values are not integers and convert to float
169,,cont,All values are not integers and convert to float
17,,cont,All values are not integers and convert to float
170,,cont,All values are not integers and convert to float
171,,cont,All values are not integers and convert to float
172,,cont,All values are not integers and convert to float
173,,cont,All values are not integers and convert to float
174,,cont,All values are not integers and convert to float
175,,cont,All values are not integers and convert to float
176,,cont,All values are not integers and convert to float
177,,cont,All values are not integers and convert to float
178,,cont,All values are not integers and convert to float
179,,cont,All values are not integers and convert to float
18,,cont,All values are not integers and convert to float
180,,cont,All values are not integers and convert to float
181,,cont,All values are not integers and convert to float
182,,cont,All values are not integers and convert to float
183,,cont,All values are not integers and convert to float
184,,cont,All values are not integers and convert to float
185,,cont,All values are not integers and convert to float
186,,cont,All values are not integers and convert to float
187,,cont,All values are not integers and convert to float
188,,cont,All values are not integers and convert to float
189,,cont,All values are not integers and convert to float
19,,cont,All values are not integers and convert to float
190,,cont,All values are not integers and convert to float
191,,cont,All values are not integers and convert to float
192,,cont,All values are not integers and convert to float
193,,cont,All values are not integers and convert to float
194,,cont,All values are not integers and convert to float
195,,cont,All values are not integers and convert to float
196,,cont,All values are not integers and convert to float
197,,cont,All values are not integers and convert to float
198,,cont,All values are not integers and convert to float
199,,cont,All values are not integers and convert to float
2,,cont,All values are not integers and convert to float
20,,cont,All values are not integers and convert to float
200,,cont,All values are not integers and convert to float
201,,cont,All values are not integers and convert to float
202,,cont,All values are not integers and convert to float
203,,cont,All values are not integers and convert to float
204,,cont,All values are not integers and convert to float
205,,cont,All values are not integers and convert to float
206,,cont,All values are not integers and convert to float
207,,cont,All values are not integers and convert to float
208,,cont,All values are not integers and convert to float
209,,cont,All values are not integers and convert to float
21,,cont,All values are not integers and convert to float
210,,cont,All values are not integers and convert to float
211,,cont,All values are not integers and convert to float
212,,cont,All values are not integers and convert to float
213,,cont,All values are not integers and convert to float
214,,cont,All values are not integers and convert to float
215,,cont,All values are not integers and convert to float
216,,cont,All values are not integers and convert to float
217,,cont,All values are not integers and convert to float
218,,cont,All values are not integers and convert to float
219,,cont,All values are not integers and convert to float
22,,cont,All values are not integers and convert to float
220,,cont,All values are not integers and convert to float
221,,cont,All values are not integers and convert to float
222,,cont,All values are not integers and convert to float
223,,cont,All values are not integers and convert to float
224,,cont,All values are not integers and convert to float
225,,cont,All values are not integers and convert to float
226,,cont,All values are not integers and convert to float
227,,cont,All values are not integers and convert to float
228,,cont,All values are not integers and convert to float
229,,cont,All values are not integers and convert to float
23,,cont,All values are not integers and convert to float
230,,cont,All values are not integers and convert to float
231,,cont,All values are not integers and convert to float
232,,cont,All values are not integers and convert to float
233,,cont,All values are not integers and convert to float
234,,cont,All values are not integers and convert to float
235,,cont,All values are not integers and convert to float
236,,cont,All values are not integers and convert to float
237,,cont,All values are not integers and convert to float
238,,cont,All values are not integers and convert to float
239,,cont,All values are not integers and convert to float
24,,cont,All values are not integers and convert to float
240,,cont,All values are not integers and convert to float
241,,cont,All values are not integers and convert to float
242,,cont,All values are not integers and convert to float
243,,cont,All values are not integers and convert to float
244,,cont,All values are not integers and convert to float
245,,cont,All values are not integers and convert to float
246,,cont,All values are not integers and convert to float
247,,cont,All values are not integers and convert to float
248,,cont,All values are not integers and convert to float
249,,cont,All values are not integers and convert to float
25,,cont,All values are not integers and convert to float
250,,cont,All values are not integers and convert to float
251,,cont,All values are not integers and convert to float
252,,cont,All values are not integers and convert to float
253,,cont,All values are not integers and convert to float
254,,cont,All values are not integers and convert to float
255,,cont,All values are not integers and convert to float
256,,cont,All values are not integers and convert to float
257,,cont,All values are not integers and convert to float
258,,cont,All values are not integers and convert to float
259,,cont,All values are not integers and convert to float
26,,cont,All values are not integers and convert to float
260,,cont,All values are not integers and convert to float
261,,cont,All values are not integers and convert to float
262,,cont,All values are not integers and convert to float
263,,cont,All values are not integers and convert to float
264,,cont,All values are not integers and convert to float
265,,cont,All values are not integers and convert to float
266,,cont,All values are not integers and convert to float
267,,cont,All values are not integers and convert to float
268,,cont,All values are not integers and convert to float
269,,cont,All values are not integers and convert to float
27,,cont,All values are not integers and convert to float
270,,cont,All values are not integers and convert to float
271,,cont,All values are not integers and convert to float
272,,cont,All values are not integers and convert to float
273,,cont,All values are not integers and convert to float
274,,cont,All values are not integers and convert to float
275,,cont,All values are not integers and convert to float
276,,cont,All values are not integers and convert to float
277,,cont,All values are not integers and convert to float
278,,cont,All values are not integers and convert to float
279,,cont,All values are not integers and convert to float
28,,cont,All values are not integers and convert to float
280,,cont,All values are not integers and convert to float
281,,cont,All values are not integers and convert to float
282,,cont,All values are not integers and convert to float
283,,cont,All values are not integers and convert to float
284,,cont,All values are not integers and convert to float
285,,cont,All values are not integers and convert to float
286,,cont,All values are not integers and convert to float
287,,cont,All values are not integers and convert to float
288,,cont,All values are not integers and convert to float
289,,cont,All values are not integers and convert to float
29,,cont,All values are not integers and convert to float
290,,cont,All values are not integers and convert to float
291,,cont,All values are not integers and convert to float
292,,cont,All values are not integers and convert to float
293,,cont,All values are not integers and convert to float
294,,cont,All values are not integers and convert to float
295,,cont,All values are not integers and convert to float
296,,cont,All values are not integers and convert to float
297,,cont,All values are not integers and convert to float
298,,cont,All values are not integers and convert to float
299,,cont,All values are not integers and convert to float
3,,cont,All values are not integers and convert to float
30,,cont,All values are not integers and convert to float
300,,cont,All values are not integers and convert to float
301,,cont,All values are not integers and convert to float
302,,cont,All values are not integers and convert to float
303,,cont,All values are not integers and convert to float
304,,cont,All values are not integers and convert to float
305,,cont,All values are not integers and convert to float
306,,cont,All values are not integers and convert to float
307,,cont,All values are not integers and convert to float
308,,cont,All values are not integers and convert to float
309,,cont,All values are not integers and convert to float
31,,cont,All values are not integers and convert to float
310,,cont,All values are not integers and convert to float
311,,cont,All values are not integers and convert to float
312,,cont,All values are not integers and convert to float
313,,cont,All values are not integers and convert to float
314,,cont,All values are not integers and convert to float
315,,cont,All values are not integers and convert to float
316,,cont,All values are not integers and convert to float
317,,cont,All values are not integers and convert to float
318,,cont,All values are not integers and convert to float
319,,cont,All values are not integers and convert to float
32,,cont,All values are not integers and convert to float
320,,cont,All values are not integers and convert to float
321,,cont,All values are not integers and convert to float
322,,cont,All values are not integers and convert to float
323,,cont,All values are not integers and convert to float
324,,cont,All values are not integers and convert to float
325,,cont,All values are not integers and convert to float
326,,cont,All values are not integers and convert to float
327,,cont,All values are not integers and convert to float
328,,cont,All values are not integers and convert to float
329,,cont,All values are not integers and convert to float
33,,cont,All values are not integers and convert to float
330,,cont,All values are not integers and convert to float
331,,cont,All values are not integers and convert to float
332,,cont,All values are not integers and convert to float
333,,cont,All values are not integers and convert to float
334,,cont,All values are not integers and convert to float
335,,cont,All values are not integers and convert to float
336,,cont,All values are not integers and convert to float
337,,cont,All values are not integers and convert to float
338,,cont,All values are not integers and convert to float
339,,cont,All values are not integers and convert to float
34,,cont,All values are not integers and convert to float
340,,cont,All values are not integers and convert to float
341,,cont,All values are not integers and convert to float
342,,cont,All values are not integers and convert to float
343,,cont,All values are not integers and convert to float
344,,cont,All values are not integers and convert to float
345,,cont,All values are not integers and convert to float
346,,cont,All values are not integers and convert to float
347,,cont,All values are not integers and convert to float
348,,cont,All values are not integers and convert to float
349,,cont,All values are not integers and convert to float
35,,cont,All values are not integers and convert to float
350,,cont,All values are not integers and convert to float
351,,cont,All values are not integers and convert to float
352,,cont,All values are not integers and convert to float
353,,cont,All values are not integers and convert to float
354,,cont,All values are not integers and convert to float
355,,cont,All values are not integers and convert to float
356,,cont,All values are not integers and convert to float
357,,cont,All values are not integers and convert to float
358,,cont,All values are not integers and convert to float
359,,cont,All values are not integers and convert to float
36,,cont,All values are not integers and convert to float
360,,cont,All values are not integers and convert to float
361,,cont,All values are not integers and convert to float
362,,cont,All values are not integers and convert to float
363,,cont,All values are not integers and convert to float
364,,cont,All values are not integers and convert to float
365,,cont,All values are not integers and convert to float
366,,cont,All values are not integers and convert to float
367,,cont,All values are not integers and convert to float
368,,cont,All values are not integers and convert to float
369,,cont,All values are not integers and convert to float
37,,cont,All values are not integers and convert to float
370,,cont,All values are not integers and convert to float
371,,cont,All values are not integers and convert to float
372,,cont,All values are not integers and convert to float
373,,cont,All values are not integers and convert to float
374,,cont,All values are not integers and convert to float
375,,cont,All values are not integers and convert to float
376,,cont,All values are not integers and convert to float
377,,cont,All values are not integers and convert to float
378,,cont,All values are not integers and convert to float
379,,cont,All values are not integers and convert to float
38,,cont,All values are not integers and convert to float
380,,cont,All values are not integers and convert to float
381,,cont,All values are not integers and convert to float
382,,cont,All values are not integers and convert to float
383,,cont,All values are not integers and convert to float
384,,cont,All values are not integers and convert to float
385,,cont,All values are not integers and convert to float
386,,cont,All values are not integers and convert to float
387,,cont,All values are not integers and convert to float
388,,cont,All values are not integers and convert to float
389,,cont,All values are not integers and convert to float
39,,cont,All values are not integers and convert to float
390,,cont,All values are not integers and convert to float
391,,cont,All values are not integers and convert to float
392,,cont,All values are not integers and convert to float
393,,cont,All values are not integers and convert to float
394,,cont,All values are not integers and convert to float
395,,cont,All values are not integers and convert to float
396,,cont,All values are not integers and convert to float
397,,cont,All values are not integers and convert to float
398,,cont,All values are not integers and convert to float
399,,cont,All values are not integers and convert to float
4,,cont,All values are not integers and convert to float
40,,cont,All values are not integers and convert to float
400,,cont,All values are not integers and convert to float
401,,cont,All values are not integers and convert to float
402,,cont,All values are not integers and convert to float
403,,cont,All values are not integers and convert to float
404,,cont,All values are not integers and convert to float
405,,cont,All values are not integers and convert to float
406,,cont,All values are not integers and convert to float
407,,cont,All values are not integers and convert to float
408,,cont,All values are not integers and convert to float
409,,cont,All values are not integers and convert to float
41,,cont,All values are not integers and convert to float
410,,cont,All values are not integers and convert to float
411,,cont,All values are not integers and convert to float
412,,cont,All values are not integers and convert to float
413,,cont,All values are not integers and convert to float
414,,cont,All values are not integers and convert to float
415,,cont,All values are not integers and convert to float
416,,cont,All values are not integers and convert to float
417,,cont,All values are not integers and convert to float
418,,cont,All values are not integers and convert to float
419,,cont,All values are not integers and convert to float
42,,cont,All values are not integers and convert to float
420,,cont,All values are not integers and convert to float
421,,cont,All values are not integers and convert to float
422,,cont,All values are not integers and convert to float
423,,cont,All values are not integers and convert to float
424,,cont,All values are not integers and convert to float
425,,cont,All values are not integers and convert to float
426,,cont,All values are not integers and convert to float
427,,cont,All values are not integers and convert to float
428,,cont,All values are not integers and convert to float
429,,cont,All values are not integers and convert to float
43,,cont,All values are not integers and convert to float
430,,cont,All values are not integers and convert to float
431,,cont,All values are not integers and convert to float
432,,cont,All values are not integers and convert to float
433,,cont,All values are not integers and convert to float
434,,cont,All values are not integers and convert to float
435,,cont,All values are not integers and convert to float
436,,cont,All values are not integers and convert to float
437,,cont,All values are not integers and convert to float
438,,cont,All values are not integers and convert to float
439,,cont,All values are not integers and convert to float
44,,cont,All values are not integers and convert to float
440,,cont,All values are not integers and convert to float
441,,cont,All values are not integers and convert to float
442,,cont,All values are not integers and convert to float
443,,cont,All values are not integers and convert to float
444,,cont,All values are not integers and convert to float
445,,cont,All values are not integers and convert to float
446,,cont,All values are not integers and convert to float
447,,cont,All values are not integers and convert to float
448,,cont,All values are not integers and convert to float
449,,cont,All values are not integers and convert to float
45,,cont,All values are not integers and convert to float
450,,cont,All values are not integers and convert to float
451,,cont,All values are not integers and convert to float
452,,cont,All values are not integers and convert to float
453,,cont,All values are not integers and convert to float
454,,cont,All values are not integers and convert to float
455,,cont,All values are not integers and convert to float
456,,cont,All values are not integers and convert to float
457,,cont,All values are not integers and convert to float
458,,cont,All values are not integers and convert to float
459,,cont,All values are not integers and convert to float
46,,cont,All values are not integers and convert to float
460,,cont,All values are not integers and convert to float
461,,cont,All values are not integers and convert to float
462,,cont,All values are not integers and convert to float
463,,cont,All values are not integers and convert to float
464,,cont,All values are not integers and convert to float
465,,cont,All values are not integers and convert to float
466,,cont,All values are not integers and convert to float
467,,cont,All values are not integers and convert to float
468,,cont,All values are not integers and convert to float
469,,cont,All values are not integers and convert to float
47,,cont,All values are not integers and convert to float
470,,cont,All values are not integers and convert to float
471,,cont,All values are not integers and convert to float
472,,cont,All values are not integers and convert to float
473,,cont,All values are not integers and convert to float
474,,cont,All values are not integers and convert to float
475,,cont,All values are not integers and convert to float
476,,cont,All values are not integers and convert to float
477,,cont,All values are not integers and convert to float
478,,cont,All values are not integers and convert to float
479,,cont,All values are not integers and convert to float
48,,cont,All values are not integers and convert to float
480,,cont,All values are not integers and convert to float
481,,cont,All values are not integers and convert to float
482,,cont,All values are not integers and convert to float
483,,cont,All values are not integers and convert to float
484,,cont,All values are not integers and convert to float
485,,cont,All values are not integers and convert to float
486,,cont,All values are not integers and convert to float
487,,cont,All values are not integers and convert to float
488,,cont,All values are not integers and convert to float
489,,cont,All values are not integers and convert to float
49,,cont,All values are not integers and convert to float
490,,cont,All values are not integers and convert to float
491,,cont,All values are not integers and convert to float
492,,cont,All values are not integers and convert to float
493,,cont,All values are not integers and convert to float
494,,cont,All values are not integers and convert to float
495,,cont,All values are not integers and convert to float
496,,cont,All values are not integers and convert to float
497,,cont,All values are not integers and convert to float
498,,cont,All values are not integers and convert to float
499,,cont,All values are not integers and convert to float
5,,cont,All values are not integers and convert to float
50,,cont,All values are not integers and convert to float
500,,cont,All values are not integers and convert to float
501,,cont,All values are not integers and convert to float
502,,cont,All values are not integers and convert to float
503,,cont,All values are not integers and convert to float
504,,cont,All values are not integers and convert to float
505,,cont,All values are not integers and convert to float
506,,cont,All values are not integers and convert to float
507,,cont,All values are not integers and convert to float
508,,cont,All values are not integers and convert to float
509,,cont,All values are not integers and convert to float
51,,cont,All values are not integers and convert to float
510,,cont,All values are not integers and convert to float
511,,cont,All values are not integers and convert to float
512,,cont,All values are not integers and convert to float
513,,cont,All values are not integers and convert to float
514,,cont,All values are not integers and convert to float
515,,cont,All values are not integers and convert to float
516,,cont,All values are not integers and convert to float
517,,cont,All values are not integers and convert to float
518,,cont,All values are not integers and convert to float
519,,cont,All values are not integers and convert to float
52,,cont,All values are not integers and convert to float
520,,cont,All values are not integers and convert to float
521,,cont,All values are not integers and convert to float
522,,cont,All values are not integers and convert to float
523,,cont,All values are not integers and convert to float
524,,cont,All values are not integers and convert to float
525,,cont,All values are not integers and convert to float
526,,cont,All values are not integers and convert to float
527,,cont,All values are not integers and convert to float
528,,cont,All values are not integers and convert to float
529,,cont,All values are not integers and convert to float
53,,cont,All values are not integers and convert to float
530,,cont,All values are not integers and convert to float
531,,cont,All values are not integers and convert to float
532,,cont,All values are not integers and convert to float
533,,cont,All values are not integers and convert to float
534,,cont,All values are not integers and convert to float
535,,cont,All values are not integers and convert to float
536,,cont,All values are not integers and convert to float
537,,cont,All values are not integers and convert to float
538,,cont,All values are not integers and convert to float
539,,cont,All values are not integers and convert to float
54,,cont,All values are not integers and convert to float
540,,cont,All values are not integers and convert to float
541,,cont,All values are not integers and convert to float
542,,cont,All values are not integers and convert to float
543,,cont,All values are not integers and convert to float
544,,cont,All values are not integers and convert to float
545,,cont,All values are not integers and convert to float
546,,cont,All values are not integers and convert to float
547,,cont,All values are not integers and convert to float
548,,cont,All values are not integers and convert to float
549,,cont,All values are not integers and convert to float
55,,cont,All values are not integers and convert to float
550,,cont,All values are not integers and convert to float
551,,cont,All values are not integers and convert to float
552,,cont,All values are not integers and convert to float
553,,cont,All values are not integers and convert to float
554,,cont,All values are not integers and convert to float
555,,cont,All values are not integers and convert to float
556,,cont,All values are not integers and convert to float
557,,cont,All values are not integers and convert to float
558,,cont,All values are not integers and convert to float
559,,cont,All values are not integers and convert to float
56,,cont,All values are not integers and convert to float
560,,cont,All values are not integers and convert to float
561,,cont,All values are not integers and convert to float
562,,cont,All values are not integers and convert to float
563,,cont,All values are not integers and convert to float
564,,cont,All values are not integers and convert to float
565,,cont,All values are not integers and convert to float
566,,cont,All values are not integers and convert to float
567,,cont,All values are not integers and convert to float
568,,cont,All values are not integers and convert to float
569,,cont,All values are not integers and convert to float
57,,cont,All values are not integers and convert to float
570,,cont,All values are not integers and convert to float
571,,cont,All values are not integers and convert to float
572,,cont,All values are not integers and convert to float
573,,cont,All values are not integers and convert to float
574,,cont,All values are not integers and convert to float
575,,cont,All values are not integers and convert to float
576,,cont,All values are not integers and convert to float
577,,cont,All values are not integers and convert to float
578,,cont,All values are not integers and convert to float
579,,cont,All values are not integers and convert to float
58,,cont,All values are not integers and convert to float
580,,cont,All values are not integers and convert to float
581,,cont,All values are not integers and convert to float
582,,cont,All values are not integers and convert to float
583,,cont,All values are not integers and convert to float
584,,cont,All values are not integers and convert to float
585,,cont,All values are not integers and convert to float
586,,cont,All values are not integers and convert to float
587,,cont,All values are not integers and convert to float
588,,cont,All values are not integers and convert to float
589,,cont,All values are not integers and convert to float
59,,cont,All values are not integers and convert to float
590,,cont,All values are not integers and convert to float
591,,cont,All values are not integers and convert to float
592,,cont,All values are not integers and convert to float
593,,cont,All values are not integers and convert to float
594,,cont,All values are not integers and convert to float
595,,cont,All values are not integers and convert to float
596,,cont,All values are not integers and convert to float
597,,cont,All values are not integers and convert to float
598,,cont,All values are not integers and convert to float
599,,cont,All values are not integers and convert to float
6,,cont,All values are not integers and convert to float
60,,cont,All values are not integers and convert to float
600,,cont,All values are not integers and convert to float
601,,cont,All values are not integers and convert to float
602,,cont,All values are not integers and convert to float
603,,cont,All values are not integers and convert to float
604,,cont,All values are not integers and convert to float
605,,cont,All values are not integers and convert to float
606,,cont,All values are not integers and convert to float
607,,cont,All values are not integers and convert to float
608,,cont,All values are not integers and convert to float
609,,cont,All values are not integers and convert to float
61,,cont,All values are not integers and convert to float
610,,cont,All values are not integers and convert to float
611,,cont,All values are not integers and convert to float
612,,cont,All values are not integers and convert to float
613,,cont,All values are not integers and convert to float
614,,cont,All values are not integers and convert to float
615,,cont,All values are not integers and convert to float
616,,cont,All values are not integers and convert to float
617,,cont,All values are not integers and convert to float
618,,cont,All values are not integers and convert to float
619,,cont,All values are not integers and convert to float
62,,cont,All values are not integers and convert to float
620,,cont,All values are not integers and convert to float
621,,cont,All values are not integers and convert to float
622,,cont,All values are not integers and convert to float
623,,cont,All values are not integers and convert to float
624,,cont,All values are not integers and convert to float
625,,cont,All values are not integers and convert to float
626,,cont,All values are not integers and convert to float
627,,cont,All values are not integers and convert to float
628,,cont,All values are not integers and convert to float
629,,cont,All values are not integers and convert to float
63,,cont,All values are not integers and convert to float
630,,cont,All values are not integers and convert to float
631,,cont,All values are not integers and convert to float
632,,cont,All values are not integers and convert to float
633,,cont,All values are not integers and convert to float
634,,cont,All values are not integers and convert to float
635,,cont,All values are not integers and convert to float
636,,cont,All values are not integers and convert to float
637,,cont,All values are not integers and convert to float
638,,cont,All values are not integers and convert to float
639,,cont,All values are not integers and convert to float
64,,cont,All values are not integers and convert to float
640,,cont,All values are not integers and convert to float
641,,cont,All values are not integers and convert to float
642,,cont,All values are not integers and convert to float
643,,cont,All values are not integers and convert to float
644,,cont,All values are not integers and convert to float
645,,cont,All values are not integers and convert to float
646,,cont,All values are not integers and convert to float
647,,cont,All values are not integers and convert to float
648,,cont,All values are not integers and convert to float
649,,cont,All values are not integers and convert to float
65,,cont,All values are not integers and convert to float
650,,cont,All values are not integers and convert to float
651,,cont,All values are not integers and convert to float
652,,cont,All values are not integers and convert to float
653,,cont,All values are not integers and convert to float
654,,cont,All values are not integers and convert to float
655,,cont,All values are not integers and convert to float
656,,cont,All values are not integers and convert to float
657,,cont,All values are not integers and convert to float
658,,cont,All values are not integers and convert to float
659,,cont,All values are not integers and convert to float
66,,cont,All values are not integers and convert to float
660,,cont,All values are not integers and convert to float
661,,cont,All values are not integers and convert to float
662,,cont,All values are not integers and convert to float
663,,cont,All values are not integers and convert to float
664,,cont,All values are not integers and convert to float
665,,cont,All values are not integers and convert to float
666,,cont,All values are not integers and convert to float
667,,cont,All values are not integers and convert to float
668,,cont,All values are not integers and convert to float
669,,cont,All values are not integers and convert to float
67,,cont,All values are not integers and convert to float
670,,cont,All values are not integers and convert to float
671,,cont,All values are not integers and convert to float
672,,cont,All values are not integers and convert to float
673,,cont,All values are not integers and convert to float
674,,cont,All values are not integers and convert to float
675,,cont,All values are not integers and convert to float
676,,cont,All values are not integers and convert to float
677,,cont,All values are not integers and convert to float
678,,cont,All values are not integers and convert to float
679,,cont,All values are not integers and convert to float
68,,cont,All values are not integers and convert to float
680,,cont,All values are not integers and convert to float
681,,cont,All values are not integers and convert to float
682,,cont,All values are not integers and convert to float
683,,cont,All values are not integers and convert to float
684,,cont,All values are not integers and convert to float
685,,cont,All values are not integers and convert to float
686,,cont,All values are not integers and convert to float
687,,cont,All values are not integers and convert to float
688,,cont,All values are not integers and convert to float
689,,cont,All values are not integers and convert to float
69,,cont,All values are not integers and convert to float
690,,cont,All values are not integers and convert to float
691,,cont,All values are not integers and convert to float
692,,cont,All values are not integers and convert to float
693,,cont,All values are not integers and convert to float
694,,cont,All values are not integers and convert to float
695,,cont,All values are not integers and convert to float
696,,cont,All values are not integers and convert to float
697,,cont,All values are not integers and convert to float
698,,cont,All values are not integers and convert to float
699,,cont,All values are not integers and convert to float
7,,cont,All values are not integers and convert to float
70,,cont,All values are not integers and convert to float
700,,cont,All values are not integers and convert to float
701,,cont,All values are not integers and convert to float
702,,cont,All values are not integers and convert to float
703,,cont,All values are not integers and convert to float
704,,cont,All values are not integers and convert to float
705,,cont,All values are not integers and convert to float
706,,cont,All values are not integers and convert to float
707,,cont,All values are not integers and convert to float
708,,cont,All values are not integers and convert to float
709,,cont,All values are not integers and convert to float
71,,cont,All values are not integers and convert to float
710,,cont,All values are not integers and convert to float
711,,cont,All values are not integers and convert to float
712,,cont,All values are not integers and convert to float
713,,cont,All values are not integers and convert to float
714,,cont,All values are not integers and convert to float
715,,cont,All values are not integers and convert to float
716,,cont,All values are not integers and convert to float
717,,cont,All values are not integers and convert to float
718,,cont,All values are not integers and convert to float
719,,cont,All values are not integers and convert to float
72,,cont,All values are not integers and convert to float
720,,cont,All values are not integers and convert to float
721,,cont,All values are not integers and convert to float
722,,cont,All values are not integers and convert to float
723,,cont,All values are not integers and convert to float
724,,cont,All values are not integers and convert to float
725,,cont,All values are not integers and convert to float
726,,cont,All values are not integers and convert to float
727,,cont,All values are not integers and convert to float
728,,cont,All values are not integers and convert to float
729,,cont,All values are not integers and convert to float
73,,cont,All values are not integers and convert to float
730,,cont,All values are not integers and convert to float
731,,cont,All values are not integers and convert to float
732,,cont,All values are not integers and convert to float
733,,cont,All values are not integers and convert to float
734,,cont,All values are not integers and convert to float
735,,cont,All values are not integers and convert to float
736,,cont,All values are not integers and convert to float
737,,cont,All values are not integers and convert to float
738,,cont,All values are not integers and convert to float
739,,cont,All values are not integers and convert to float
74,,cont,All values are not integers and convert to float
740,,cont,All values are not integers and convert to float
741,,cont,All values are not integers and convert to float
742,,cont,All values are not integers and convert to float
743,,cont,All values are not integers and convert to float
744,,cont,All values are not integers and convert to float
745,,cont,All values are not integers and convert to float
746,,cont,All values are not integers and convert to float
747,,cont,All values are not integers and convert to float
748,,cont,All values are not integers and convert to float
749,,cont,All values are not integers and convert to float
75,,cont,All values are not integers and convert to float
750,,cont,All values are not integers and convert to float
751,,cont,All values are not integers and convert to float
752,,cont,All values are not integers and convert to float
753,,cont,All values are not integers and convert to float
754,,cont,All values are not integers and convert to float
755,,cont,All values are not integers and convert to float
756,,cont,All values are not integers and convert to float
757,,cont,All values are not integers and convert to float
758,,cont,All values are not integers and convert to float
759,,cont,All values are not integers and convert to float
76,,cont,All values are not integers and convert to float
760,,cont,All values are not integers and convert to float
761,,cont,All values are not integers and convert to float
762,,cont,All values are not integers and convert to float
763,,cont,All values are not integers and convert to float
764,,cont,All values are not integers and convert to float
765,,cont,All values are not integers and convert to float
766,,cont,All values are not integers and convert to float
767,,cont,All values are not integers and convert to float
77,,cont,All values are not integers and convert to float
78,,cont,All values are not integers and convert to float
79,,cont,All values are not integers and convert to float
8,,cont,All values are not integers and convert to float
80,,cont,All values are not integers and convert to float
81,,cont,All values are not integers and convert to float
82,,cont,All values are not integers and convert to float
83,,cont,All values are not integers and convert to float
84,,cont,All values are not integers and convert to float
85,,cont,All values are not integers and convert to float
86,,cont,All values are not integers and convert to float
87,,cont,All values are not integers and convert to float
88,,cont,All values are not integers and convert to float
89,,cont,All values are not integers and convert to float
9,,cont,All values are not integers and convert to float
90,,cont,All values are not integers and convert to float
91,,cont,All values are not integers and convert to float
92,,cont,All values are not integers and convert to float
93,,cont,All values are not integers and convert to float
94,,cont,All values are not integers and convert to float
95,,cont,All values are not integers and convert to float
96,,cont,All values are not integers and convert to float
97,,cont,All values are not integers and convert to float
98,,cont,All values are not integers and convert to float
99,,cont,All values are not integers and convert to float
text,,id?,More unique values than one half of number of non-NaN samples
